City_ID,City,Country,Lat,Lng,Max Temp,Humidity,Cloudiness,Wind Speed,Weather Description
0,Kolondieba,ML,11.0882,-6.8926,82.31,46,55,2.48,broken clouds
1,Albany,US,42.6001,-73.9662,42.03,68,41,5.32,scattered clouds
2,Khandbari,NP,27.3747,87.2039,55.27,71,92,3.18,overcast clouds
3,Lavrentiya,RU,65.5833,-171.0,8.55,80,100,11.56,overcast clouds
4,Hilo,US,19.7297,-155.09,82.13,67,20,8.05,few clouds
5,Butaritari,KI,3.0707,172.7902,82.42,71,14,12.64,few clouds
6,Dormidontovka,RU,47.7702,134.9076,40.15,75,47,10.25,scattered clouds
7,Juneau,US,58.3019,-134.4197,44.83,90,90,8.05,overcast clouds
8,Kavaratti,IN,10.5669,72.642,82.02,78,71,14.29,broken clouds
9,Alta Floresta,BR,-9.8756,-56.0861,72.16,96,98,2.28,overcast clouds
10,Mataura,NZ,-46.1927,168.8643,61.48,40,92,4.23,overcast clouds
11,Bluff,NZ,-46.6,168.3333,61.81,63,37,7.11,scattered clouds
12,Jamestown,US,42.097,-79.2353,39.72,60,90,0.0,overcast clouds
13,Rikitea,PF,-23.1203,-134.9692,74.57,79,89,9.26,light rain
14,Sorland,NO,67.667,12.6934,42.96,72,100,17.54,light rain
15,Barroquinha,BR,-3.0189,-41.1361,80.02,83,83,7.0,broken clouds
16,Margate,GB,51.3813,1.3862,49.03,76,73,1.99,broken clouds
17,Mbini,GQ,1.574,9.6134,78.08,87,99,4.47,overcast clouds
18,Ushuaia,AR,-54.8,-68.3,55.06,44,40,18.41,scattered clouds
19,Busselton,AU,-33.65,115.3333,52.09,66,1,7.31,clear sky
20,Carutapera,BR,-1.195,-46.02,78.26,85,100,5.75,overcast clouds
21,Panalingaan,PH,8.7842,117.4231,79.11,85,100,2.24,overcast clouds
22,Mahebourg,MU,-20.4081,57.7,75.49,88,40,6.91,scattered clouds
23,Katsuura,JP,35.1333,140.3,64.11,68,7,11.63,clear sky
24,Sujangarh,IN,27.7011,74.4649,68.25,30,43,4.16,scattered clouds
25,Christchurch,NZ,-43.5333,172.6333,62.33,64,75,1.99,broken clouds
26,Inhambane,MZ,-23.865,35.3833,73.45,89,36,8.77,scattered clouds
27,Luxor,EG,25.6989,32.6421,71.65,40,0,0.0,clear sky
28,Jutai,BR,-5.1833,-68.9,74.75,90,99,1.36,overcast clouds
29,Arraial Do Cabo,BR,-22.9661,-42.0278,71.56,83,40,5.75,scattered clouds
30,Ambon,ID,-3.6954,128.1814,82.54,83,40,2.3,scattered clouds
31,Avarua,CK,-21.2078,-159.775,78.85,61,75,11.5,broken clouds
32,Hamilton,US,39.1834,-84.5333,47.79,62,1,3.44,clear sky
33,Port Hardy,CA,50.6996,-127.4199,42.8,87,100,8.93,light rain
34,Cayenne,GF,4.9333,-52.3333,79.09,89,90,1.99,overcast clouds
35,Kodiak,US,57.79,-152.4072,40.51,60,75,9.22,broken clouds
36,Perelyub,RU,51.8667,50.3667,34.11,43,97,14.99,overcast clouds
37,East London,ZA,-33.0153,27.9116,65.53,87,100,11.7,light rain
38,Puerto Ayora,EC,-0.7393,-90.3518,69.48,77,42,10.09,scattered clouds
39,Campbell River,CA,50.0163,-125.2446,45.32,81,75,3.0,broken clouds
40,Punta Arenas,CL,-53.15,-70.9167,53.71,58,75,28.77,broken clouds
41,Maceio,BR,-9.6658,-35.7353,81.84,89,0,10.36,clear sky
42,Northam,GB,51.0333,-4.2167,52.39,85,99,9.13,overcast clouds
43,Yellowknife,CA,62.456,-114.3525,29.41,99,75,6.91,broken clouds
44,Aykhal,RU,66.0,111.5,-4.27,100,36,7.87,scattered clouds
45,Podyuga,RU,61.095,40.8647,47.14,83,99,16.62,moderate rain
46,Port Augusta,AU,-32.5,137.7667,84.7,41,73,6.49,broken clouds
47,Batemans Bay,AU,-35.7167,150.1833,74.1,77,90,5.97,overcast clouds
48,Luderitz,NA,-26.6481,15.1594,60.55,72,48,16.96,scattered clouds
49,Araguacu,BR,-12.9306,-49.8264,73.04,91,100,3.8,overcast clouds
50,Stonewall,CA,50.1344,-97.3268,47.79,65,96,11.48,overcast clouds
51,Taltal,CL,-25.4,-70.4833,62.6,73,23,6.38,few clouds
52,Maldonado,UY,-34.6667,-54.9167,56.59,70,100,16.84,overcast clouds
53,Provideniya,RU,64.3833,-173.3,11.71,79,4,8.25,clear sky
54,Andenes,NO,69.3143,16.1194,38.07,93,90,6.91,overcast clouds
55,Reghin,RO,46.7742,24.7022,51.51,90,97,3.6,overcast clouds
56,Saint-Philippe,RE,-21.3585,55.7679,71.22,79,0,5.91,clear sky
57,Coahuayana,MX,18.7333,-103.6833,85.48,70,30,3.89,scattered clouds
58,Qaanaaq,GL,77.484,-69.3632,11.23,68,93,11.25,overcast clouds
59,San Patricio,US,28.017,-97.5169,68.94,53,0,5.88,clear sky
60,Yenagoa,NG,4.9247,6.2642,76.26,94,95,4.16,overcast clouds
61,Longyearbyen,SJ,78.2186,15.6401,12.04,73,40,3.44,scattered clouds
62,Ulaangom,MN,49.9811,92.0667,11.77,73,99,0.69,overcast clouds
63,Vaini,TO,-21.2,-175.2,82.56,89,40,10.36,scattered clouds
64,Nikolskoye,RU,59.7035,30.7861,44.87,88,100,12.95,light rain
65,Senno,RU,59.5336,33.9167,43.27,83,100,13.0,overcast clouds
66,Victoria,HK,22.2855,114.1577,77.32,91,12,1.01,few clouds
67,Concarneau,FR,47.875,-3.9225,48.97,81,54,3.65,broken clouds
68,Saskylakh,RU,71.9167,114.0833,0.09,91,95,18.48,overcast clouds
69,Biak,ID,-0.9131,122.8766,79.12,80,85,0.72,overcast clouds
70,Vila Franca Do Campo,PT,37.7167,-25.4333,70.2,85,100,18.34,overcast clouds
71,Beira,MZ,-19.8436,34.8389,74.88,86,35,6.71,scattered clouds
72,Inverness,GB,57.4791,-4.224,51.22,90,75,1.01,light rain
73,Deolali,IN,19.95,73.8333,69.71,69,99,6.15,overcast clouds
74,Salalah,OM,17.0151,54.0924,75.29,78,20,3.44,few clouds
75,Atar,MR,20.5169,-13.0499,79.05,29,6,8.25,clear sky
76,Sylacauga,US,33.1732,-86.2516,55.9,67,1,4.61,clear sky
77,Komsomolskiy,UZ,40.4272,71.7189,33.22,64,75,2.3,haze
78,Kapaa,US,22.0752,-159.319,82.38,74,75,1.01,light rain
79,Misratah,LY,32.3754,15.0925,78.67,48,96,14.09,overcast clouds
80,Port Alfred,ZA,-33.5906,26.891,65.08,78,100,9.44,overcast clouds
81,Lompoc,US,34.6391,-120.4579,79.02,68,1,9.22,clear sky
82,Bengkulu,ID,-3.8004,102.2655,74.71,90,100,7.25,overcast clouds
83,Kyra,RU,49.5776,111.9753,4.93,65,0,4.36,clear sky
84,Norman Wells,CA,65.282,-126.8329,17.64,86,90,2.3,mist
85,Divnomorskoye,RU,44.5011,38.1353,60.33,68,27,4.94,scattered clouds
86,Mattru,SL,7.6244,-11.8332,75.02,96,97,2.13,moderate rain
87,Kokopo,PG,-4.352,152.2633,84.4,59,87,4.14,overcast clouds
88,Vao,NC,-22.6667,167.4833,69.03,62,98,10.11,overcast clouds
89,Linares,CL,-35.85,-71.6,70.39,27,0,3.44,clear sky
90,Dikson,RU,73.5069,80.5464,19.38,89,100,17.63,overcast clouds
91,Lebu,CL,-37.6167,-73.65,53.94,81,0,19.64,clear sky
92,Kutum,SD,14.2,24.6667,71.85,30,44,6.55,scattered clouds
93,Ust-Kulom,RU,61.6864,53.6902,37.56,94,100,12.53,overcast clouds
94,Castlegar,CA,49.2998,-117.6689,43.99,99,100,3.33,overcast clouds
95,Tiksi,RU,71.6872,128.8694,5.09,79,100,25.23,overcast clouds
96,Castro,BR,-24.7911,-50.0119,65.43,94,69,1.74,broken clouds
97,Atuona,PF,-9.8,-139.0333,78.08,72,6,16.02,clear sky
98,Ponta Do Sol,PT,32.6667,-17.1,67.71,69,15,9.13,few clouds
99,Pangody,RU,65.85,74.4859,8.15,97,41,3.22,scattered clouds
100,Springbok,ZA,-29.6643,17.8865,53.24,63,59,3.24,broken clouds
101,Havoysund,NO,70.9963,24.6622,34.68,92,100,8.7,light rain
102,Mehamn,NO,71.0357,27.8492,37.31,99,100,18.88,light rain
103,Severo-Kurilsk,RU,50.6789,156.125,37.35,77,99,14.65,overcast clouds
104,Karabuk,TR,41.2049,32.6277,56.44,52,7,2.3,clear sky
105,Hobart,AU,-42.8794,147.3294,70.02,60,75,1.99,broken clouds
106,New Norfolk,AU,-42.7826,147.0587,70.66,53,75,1.01,broken clouds
107,Qaqortoq,GL,60.7167,-46.0333,27.1,88,100,6.87,overcast clouds
108,Marsala,IT,37.7966,12.4352,66.15,100,40,4.61,scattered clouds
109,Chuy,UY,-33.6971,-53.4616,59.67,67,100,18.05,overcast clouds
110,Merano,IT,46.6682,11.1595,42.33,74,8,6.53,clear sky
111,Comodoro Rivadavia,AR,-45.8667,-67.5,57.06,44,0,24.16,clear sky
112,Punta Cardon,VE,11.6581,-70.215,81.81,76,85,26.13,overcast clouds
113,Khatanga,RU,71.9667,102.5,-1.44,92,96,16.44,overcast clouds
114,Mar Del Plata,AR,-38.0023,-57.5575,54.88,71,0,10.0,clear sky
115,Bredasdorp,ZA,-34.5322,20.0403,51.12,82,2,4.61,clear sky
116,Grand Gaube,MU,-20.0064,57.6608,72.37,83,4,1.99,clear sky
117,Tafalla,ES,42.5269,-1.6745,45.39,74,7,15.37,clear sky
118,Ribeira Grande,PT,38.5167,-28.7,69.17,94,100,24.96,overcast clouds
119,Tasiilaq,GL,65.6145,-37.6368,17.98,88,100,9.06,overcast clouds
120,Georgetown,MY,5.4112,100.3354,78.89,92,20,3.44,few clouds
121,Riyadh,SA,24.6877,46.7219,66.34,38,0,2.98,clear sky
122,Safaga,EG,26.7292,33.9365,73.35,53,0,11.56,clear sky
123,Cape Town,ZA,-33.9258,18.4232,58.12,82,0,4.61,clear sky
124,Chateau-Thierry,FR,49.05,3.4,42.94,91,72,4.32,broken clouds
125,Faanui,PF,-16.4833,-151.75,79.61,75,99,9.64,light rain
126,Bundaberg,AU,-24.85,152.35,77.22,65,90,5.99,overcast clouds
127,Waingapu,ID,-9.6567,120.2641,82.13,76,100,3.83,overcast clouds
128,Upernavik,GL,72.7868,-56.1549,14.83,71,29,5.57,scattered clouds
129,Ostrovnoy,RU,68.0531,39.5131,36.32,98,100,6.96,overcast clouds
130,Iqaluit,CA,63.7506,-68.5145,15.53,86,75,5.75,broken clouds
131,Cidreira,BR,-30.1811,-50.2056,68.72,90,83,12.48,broken clouds
132,Bilma,NE,18.6853,12.9164,77.45,16,20,2.89,few clouds
133,Loreto,MX,22.2667,-101.9667,70.27,27,5,8.05,clear sky
134,Tromso,NO,69.6496,18.957,36.37,86,40,1.01,scattered clouds
135,Thompson,CA,55.7435,-97.8558,33.96,86,75,2.3,broken clouds
136,Broome,US,42.2506,-75.833,38.8,70,1,1.99,clear sky
137,Vestmannaeyjar,IS,63.4427,-20.2734,40.51,79,100,26.06,heavy intensity rain
138,Senador Jose Porfirio,BR,-2.5908,-51.9542,81.82,63,95,3.74,overcast clouds
139,Vicuna,CL,-30.0319,-70.7081,69.76,47,2,4.81,clear sky
140,Elat,IL,29.5581,34.9482,71.44,46,0,9.22,clear sky
141,Clyde River,CA,70.4692,-68.5914,26.83,100,90,12.66,light snow
142,Lata,PT,40.1629,-8.3327,51.82,69,0,4.29,clear sky
143,Ocos,GT,14.5094,-92.1933,84.7,74,98,4.54,overcast clouds
144,Bethel,US,41.3712,-73.414,45.23,65,1,3.44,clear sky
145,Oume,JP,35.7839,139.2431,59.02,71,1,0.0,clear sky
146,Trapani,IT,37.8333,12.6667,66.7,100,40,4.61,scattered clouds
147,Bodo,NO,67.28,14.405,39.24,89,40,20.71,light intensity drizzle
148,Ekhabi,RU,53.5102,142.9671,35.26,91,100,14.72,overcast clouds
149,Sohag,EG,26.557,31.6948,68.29,47,0,4.99,clear sky
150,Alanya,TR,36.5438,31.9998,60.93,33,98,4.5,overcast clouds
151,Yantzaza,EC,-3.8278,-78.7594,70.9,96,95,1.32,moderate rain
152,Robertsport,LR,6.7533,-11.3686,80.08,81,84,6.08,moderate rain
153,Tornio,FI,65.8481,24.1466,35.62,87,86,8.12,overcast clouds
154,Kijang,KR,35.2442,129.2139,53.33,61,2,12.44,clear sky
155,Beyla,GN,8.6833,-8.6333,70.57,83,46,1.48,light rain
156,Pisco,PE,-13.7,-76.2167,66.25,77,0,16.11,clear sky
157,Sainte-Marie,RE,-20.8968,55.5496,71.78,89,90,4.61,overcast clouds
158,Grindavik,IS,63.8424,-22.4338,37.87,93,0,12.66,clear sky
159,Wageningen,NL,51.9667,5.6667,48.85,92,90,8.05,overcast clouds
160,Olinda,BR,-8.0089,-34.8553,82.13,74,20,9.22,few clouds
161,Oussouye,SN,12.485,-16.5469,80.78,73,87,5.79,overcast clouds
162,Kushima,JP,31.4583,131.2333,60.84,79,100,6.26,light rain
163,Alofi,NU,-19.0595,-169.9187,82.29,65,95,13.8,light rain
164,Korla,CN,41.7597,86.1469,23.04,46,0,6.17,clear sky
165,Ustka,PL,54.5805,16.8619,50.2,83,96,24.14,overcast clouds
166,Alyangula,AU,-13.8483,136.4192,85.53,62,52,8.46,broken clouds
167,Voljevac,BA,43.8786,17.6592,48.7,97,100,4.85,overcast clouds
168,Roblin,CA,51.23,-101.3565,47.48,69,85,8.84,overcast clouds
169,Nador,MA,35.174,-2.9287,50.25,81,0,2.3,clear sky
170,Bereda,ES,43.2686,-7.5406,51.91,89,92,4.88,overcast clouds
171,Hermanus,ZA,-34.4187,19.2345,57.9,74,2,4.23,clear sky
172,Sur,OM,22.5667,59.5289,75.31,60,60,7.02,broken clouds
173,Port Elizabeth,ZA,-33.918,25.5701,62.89,77,0,13.8,clear sky
174,Keelung,TW,25.1283,121.7419,76.89,86,31,5.75,scattered clouds
175,Namibe,AO,-15.1961,12.1522,67.08,80,71,3.36,broken clouds
176,Goderich,CA,43.7501,-81.7165,41.92,70,20,5.75,few clouds
177,Souillac,MU,-20.5167,57.5167,75.58,88,40,6.91,scattered clouds
178,Srednekolymsk,RU,67.45,153.6833,-5.93,94,51,3.56,broken clouds
179,Saint George,US,37.1041,-113.5841,81.07,25,1,1.01,clear sky
180,Omboue,GA,-1.5746,9.2618,75.94,89,97,6.26,overcast clouds
181,Hami,CN,42.8,93.45,16.7,70,23,6.49,few clouds
182,Codrington,AU,-38.2667,141.9667,69.62,72,100,15.19,light rain
183,Sault Sainte Marie,CA,46.5168,-84.3333,46.96,61,1,8.05,clear sky
184,Hithadhoo,MV,-0.6,73.0833,81.66,74,100,14.25,heavy intensity rain
185,Stornoway,GB,58.2093,-6.3865,49.93,93,75,6.91,moderate rain
186,Bonavista,CA,48.6499,-53.1147,35.6,79,100,6.46,light rain
187,Chokurdakh,RU,70.6333,147.9167,-9.13,91,37,5.23,scattered clouds
188,Meulaboh,ID,4.1363,96.1285,75.34,92,100,5.7,moderate rain
189,Khonsa,IN,27.0167,95.5667,55.58,88,50,3.24,scattered clouds
190,Ahipara,NZ,-35.1667,173.1667,67.01,72,11,4.94,few clouds
191,Lakes Entrance,AU,-37.8811,147.981,79.16,59,3,1.61,clear sky
192,Vieste,IT,41.8825,16.175,57.33,84,100,10.96,overcast clouds
193,Esil,KZ,51.9556,66.4042,27.86,28,100,11.65,overcast clouds
194,Huicungo,PE,-7.2833,-76.8,76.86,79,91,2.15,overcast clouds
195,Guerrero Negro,MX,27.9769,-114.0611,74.48,56,78,11.12,broken clouds
196,Neuruppin,DE,52.9282,12.8031,47.08,93,68,11.65,broken clouds
197,Praia Da Vitoria,PT,38.7333,-27.0667,70.05,88,40,22.82,scattered clouds
198,Airai,TL,-8.9266,125.4092,68.36,72,92,1.95,overcast clouds
199,Kihei,US,20.785,-156.4656,89.62,58,20,23.02,few clouds
200,Sorong,ID,-0.8833,131.25,80.8,82,90,5.64,light rain
201,Moyale,KE,3.5167,39.0584,70.65,61,35,6.6,scattered clouds
202,Huaihua,CN,27.5494,109.9592,62.49,99,100,3.36,overcast clouds
203,Fuerte,PH,17.5381,120.3644,80.04,77,8,3.8,clear sky
204,Kaitangata,NZ,-46.2817,169.8464,57.92,70,96,11.34,overcast clouds
205,Aldan,RU,58.6031,125.3894,-2.07,87,99,10.16,overcast clouds
206,Ancud,CL,-41.8697,-73.8203,58.42,68,0,2.3,clear sky
207,Hanzhong,CN,33.0728,107.0303,58.15,87,100,2.06,overcast clouds
208,Kenai,US,60.5544,-151.2583,37.15,91,20,0.0,moderate rain
209,Honiara,SB,-9.4333,159.95,85.71,66,42,3.33,scattered clouds
210,Mount Isa,AU,-20.7333,139.5,91.17,43,23,8.05,few clouds
211,Orangeburg,US,33.4918,-80.8557,49.91,64,1,8.05,clear sky
212,Chara,RU,56.9064,118.2631,-4.74,76,93,3.94,overcast clouds
213,Shestakovo,RU,56.4915,103.96,18.61,89,100,10.29,light snow
214,Menongue,AO,-14.6585,17.691,66.88,64,68,3.04,broken clouds
215,Keflavik,IS,64.0049,-22.5624,37.83,93,0,12.66,clear sky
216,Pevek,RU,69.7008,170.3133,-12.24,95,16,6.62,few clouds
217,Nizhniy Kuranakh,RU,58.8353,125.4869,3.6,83,98,10.94,overcast clouds
218,Lannion,FR,48.75,-3.4167,44.85,100,75,3.44,broken clouds
219,Tuatapere,NZ,-46.1333,167.6833,61.83,49,99,3.83,overcast clouds
220,Vanavara,RU,60.34,102.2797,13.41,85,100,14.05,overcast clouds
221,San Isidro,PE,-12.1167,-77.05,70.02,78,75,1.01,broken clouds
222,Yerbogachen,RU,61.2767,108.0108,12.99,92,100,14.81,light snow
223,Te Anau,NZ,-45.4167,167.7167,60.93,64,98,1.28,overcast clouds
224,Sasni,IN,27.7167,78.0833,66.42,39,53,5.86,broken clouds
225,Barrow,US,71.2906,-156.7887,19.42,86,90,27.63,mist
226,Amahai,ID,-3.3333,128.9167,81.52,78,96,1.39,overcast clouds
227,Haines Junction,CA,60.7522,-137.5108,30.15,86,99,0.0,overcast clouds
228,Magdalena,PH,14.1999,121.429,84.42,87,90,4.05,overcast clouds
229,Coihaique,CL,-45.5752,-72.0662,57.15,54,0,11.5,clear sky
230,Churapcha,RU,62.0025,132.4325,4.08,95,100,8.32,overcast clouds
231,Broken Hill,AU,-31.95,141.4333,78.76,31,100,17.0,overcast clouds
232,Cocobeach,GA,1.0002,9.5823,78.73,86,100,6.17,overcast clouds
233,Tomatlan,MX,19.9333,-105.25,82.76,72,74,5.06,broken clouds
234,Vostok,RU,46.4856,135.8833,35.46,71,77,4.03,broken clouds
235,Gamba,GA,-2.65,10.0,76.73,87,100,5.41,overcast clouds
236,Augusto Correa,BR,-1.0217,-46.635,77.14,86,100,3.8,overcast clouds
237,Kavieng,PG,-2.5744,150.7967,84.4,71,88,13.85,light rain
238,Lorengau,PG,-2.0226,147.2712,84.61,67,93,9.57,overcast clouds
239,Adrar,MR,20.5022,-10.0711,73.24,32,40,9.62,scattered clouds
240,Olafsvik,IS,64.8945,-23.7142,38.3,78,71,13.0,moderate rain
241,Nadym,RU,65.5333,72.5167,14.56,96,63,5.68,broken clouds
242,Amarante Do Maranhao,BR,-5.5667,-46.7422,77.29,84,100,3.02,light rain
243,Carnarvon,AU,-24.8667,113.6333,66.27,72,40,24.16,scattered clouds
244,Sioux Lookout,CA,50.1001,-91.917,48.58,71,40,6.91,scattered clouds
245,Kununurra,AU,-15.7667,128.7333,84.18,65,88,3.44,overcast clouds
246,Vardo,NO,70.3705,31.1107,32.2,98,100,10.69,light snow
247,Umm Lajj,SA,25.0213,37.2685,81.84,54,0,7.94,clear sky
248,Aktau,KZ,43.65,51.2,27.18,29,0,14.05,clear sky
249,Whitehorse,CA,60.7161,-135.0538,35.02,80,75,13.0,broken clouds
250,Tual,ID,-5.6667,132.75,83.35,73,93,2.66,overcast clouds
251,Bathsheba,BB,13.2167,-59.5167,81.21,78,40,17.27,scattered clouds
252,Nome,US,64.5011,-165.4064,28.47,74,90,14.97,overcast clouds
253,Nuuk,GL,64.1835,-51.7216,27.21,63,89,5.75,overcast clouds
254,Luganville,VU,-15.5333,167.1667,81.52,75,100,2.55,overcast clouds
255,Touros,BR,-5.1989,-35.4608,81.5,80,48,11.56,scattered clouds
256,Champaign,US,40.1334,-88.2001,46.22,60,1,3.0,clear sky
257,Madison,US,34.7334,-86.5667,54.48,80,90,5.01,overcast clouds
258,Faya,SA,18.3851,42.4509,57.31,55,11,2.62,few clouds
259,Shostka,UA,51.863,33.4698,52.29,90,100,5.48,overcast clouds
260,Sakaiminato,JP,35.55,133.2333,51.78,93,75,1.14,broken clouds
261,Kruisfontein,ZA,-34.0033,24.7314,58.68,81,100,4.99,overcast clouds
262,Hobyo,SO,5.3505,48.5268,79.7,75,10,5.97,clear sky
263,Banjar,ID,-8.19,114.9675,80.46,76,97,2.21,overcast clouds
264,Leningradskiy,RU,69.3833,178.4167,-9.58,96,86,5.93,overcast clouds
265,Mpulungu,ZM,-8.7623,31.1141,78.87,44,61,3.62,broken clouds
266,Lasa,IT,46.6166,10.7002,35.62,74,21,3.65,few clouds
267,Aloleng,PH,16.1307,119.7824,81.55,77,10,4.79,clear sky
268,Marsa Matruh,EG,31.3525,27.2453,70.0,78,40,5.75,scattered clouds
269,Brae,GB,60.3964,-1.353,49.91,85,100,14.54,overcast clouds
270,San Andres,CO,12.5847,-81.7006,84.22,74,20,6.91,few clouds
271,Deputatskiy,RU,69.3,139.9,5.54,91,98,3.67,overcast clouds
272,Progreso,MX,21.2833,-89.6667,78.12,75,18,12.53,few clouds
273,Wanning,CN,18.8003,110.3967,74.62,88,25,0.4,scattered clouds
274,Oster,UA,50.9506,30.8823,55.51,78,100,4.68,overcast clouds
275,Saint-Georges,GD,12.0564,-61.7485,82.08,78,20,9.22,few clouds
276,Rexburg,US,43.826,-111.7897,56.46,45,1,4.61,clear sky
277,Kirkwall,GB,58.9848,-2.9587,50.97,87,75,11.5,broken clouds
278,Gumdag,TM,39.2061,54.5906,37.56,21,93,22.79,overcast clouds
279,Madzhalis,RU,42.1217,47.8333,45.57,83,19,4.94,few clouds
280,Luanda,AO,-8.8368,13.2343,77.0,83,40,9.22,scattered clouds
281,Surt,LY,31.2089,16.5887,77.65,36,92,13.98,overcast clouds
282,Port Hedland,AU,-20.3167,118.5667,82.45,51,16,10.36,few clouds
283,Havre-Saint-Pierre,CA,50.2334,-63.5986,37.99,64,90,6.91,overcast clouds
284,Vila Velha,BR,-20.3297,-40.2925,73.94,81,75,5.99,broken clouds
285,Poum,NC,-20.2333,164.0167,73.02,71,68,9.53,broken clouds
286,Mugumu,TZ,-1.85,34.7,63.19,73,75,4.23,broken clouds
287,Saldanha,ZA,-33.0117,17.9442,51.85,74,4,12.86,clear sky
288,Fortuna,US,40.5982,-124.1573,55.42,74,75,7.0,broken clouds
289,Lagos,NG,6.5833,3.75,79.12,94,100,3.56,light rain
290,Ous,RU,60.9058,61.5186,34.75,95,100,8.03,overcast clouds
291,Tuktoyaktuk,CA,69.4541,-133.0374,21.2,93,90,8.05,overcast clouds
292,Dhidhdhoo,MV,6.8833,73.1,81.59,79,94,15.57,overcast clouds
293,Goya,AR,-29.14,-59.2626,62.67,95,100,12.71,light rain
294,Immokalee,US,26.4187,-81.4173,75.11,93,75,4.61,broken clouds
295,El Rosario,MX,24.2556,-107.1828,88.14,50,56,5.44,broken clouds
296,Caravelas,BR,-17.7125,-39.2481,75.6,84,68,9.73,broken clouds
297,Boddam,GB,57.4667,-1.7833,50.38,80,98,10.2,overcast clouds
298,Verkhoyansk,RU,67.5447,133.385,0.55,91,13,8.46,few clouds
299,Yorosso,ML,12.3536,-4.7761,87.31,24,71,2.59,broken clouds
300,Dryden,CA,49.7833,-92.7503,48.49,71,1,12.66,clear sky
301,Bambous Virieux,MU,-20.3428,57.7575,75.45,88,40,6.91,scattered clouds
302,Cabo San Lucas,MX,22.8909,-109.9124,86.61,63,10,1.01,clear sky
303,Steubenville,US,40.3698,-80.634,43.38,68,3,3.83,clear sky
304,Flinders,AU,-34.5833,150.8552,72.21,79,36,1.01,scattered clouds
305,Sept-Iles,CA,50.2001,-66.3821,35.06,63,40,4.0,scattered clouds
306,Bulnes,CL,-36.7423,-72.2985,74.16,32,0,8.01,clear sky
307,Vanimo,PG,-2.6741,141.3028,81.39,79,96,6.46,overcast clouds
308,Conway,US,35.0887,-92.4421,53.85,64,0,3.53,clear sky
309,Fairbanks,US,64.8378,-147.7164,24.3,83,75,0.0,broken clouds
310,Naze,JP,28.3667,129.4833,63.52,90,100,14.92,overcast clouds
311,Lazaro Cardenas,MX,17.9583,-102.2,81.97,74,77,6.44,broken clouds
312,Bandarbeyla,SO,9.4942,50.8122,76.26,77,3,6.76,clear sky
313,Acari,PE,-15.4311,-74.6158,68.79,71,9,5.19,clear sky
314,Saint-Augustin,CA,51.226,-58.6502,34.14,64,23,10.07,few clouds
315,Carballo,ES,43.213,-8.691,53.87,87,65,3.71,broken clouds
316,Sirjan,IR,29.452,55.6814,53.46,64,94,2.28,overcast clouds
317,Matara,LK,5.9485,80.5353,76.33,90,91,8.43,overcast clouds
318,Shahrud,IR,36.4182,54.9763,44.13,75,100,9.69,overcast clouds
319,Lexington,US,37.9887,-84.4777,45.99,56,1,5.75,clear sky
320,Baruun-Urt,MN,46.6806,113.2792,9.72,47,100,7.36,overcast clouds
321,Lagoa,PT,39.05,-27.9833,68.4,86,100,28.16,overcast clouds
322,Snasa,NO,64.2457,12.3778,36.81,86,98,9.04,light rain
323,Yulara,AU,-25.2406,130.9889,84.04,48,27,8.05,scattered clouds
324,Poya,NC,-21.35,165.15,76.69,55,82,7.4,broken clouds
325,Alice Springs,AU,-23.7,133.8833,87.35,40,22,2.3,few clouds
326,Bairiki,KI,1.3292,172.9752,87.8,66,20,13.8,few clouds
327,Buala,SB,-8.145,159.5921,84.45,64,85,4.99,overcast clouds
328,Usinsk,RU,65.9939,57.5281,34.43,100,100,18.5,overcast clouds
329,Along,IN,28.1667,94.7667,53.98,72,44,1.57,scattered clouds
330,Kahului,US,20.8947,-156.47,89.62,58,20,23.02,few clouds
331,Hirara,JP,24.8,125.2833,79.07,83,75,18.41,broken clouds
332,Matay,EG,28.419,30.7792,70.0,75,0,14.14,clear sky
333,Khilok,RU,51.3674,110.4676,8.13,63,39,8.23,scattered clouds
334,Teya,RU,60.3778,92.6267,20.41,85,100,13.47,overcast clouds
335,Dakar,SN,14.6937,-17.4441,80.73,78,9,6.91,clear sky
336,Calama,CL,-22.4667,-68.9333,64.89,15,0,25.32,clear sky
337,Sidi Ali,DZ,36.0998,0.4206,50.63,79,88,15.59,overcast clouds
338,Naryan-Mar,RU,67.6713,53.087,35.08,98,100,13.62,overcast clouds
339,Laguna,US,38.421,-121.4238,69.21,67,1,1.01,clear sky
340,Kawalu,ID,-7.3817,108.2082,73.63,93,100,2.28,overcast clouds
341,Puerto Carreno,CO,6.189,-67.4859,82.31,71,94,6.85,overcast clouds
342,Nouadhibou,MR,20.931,-17.0347,71.58,68,5,17.27,clear sky
343,Shetpe,KZ,44.1667,52.1167,30.58,34,0,8.25,clear sky
344,Sitka,US,57.0531,-135.33,48.09,66,40,9.22,light rain
345,Upata,VE,8.0086,-62.3989,75.2,86,100,4.92,moderate rain
346,La Paz,BO,-16.5,-68.15,55.38,54,75,10.36,broken clouds
347,Jalu,LY,29.0331,21.5482,72.5,35,0,7.4,clear sky
348,Bay Roberts,CA,47.5999,-53.2648,38.34,90,100,3.0,moderate rain
349,Molokovo,RU,58.1661,36.7628,45.7,75,95,15.97,overcast clouds
350,Belyy Yar,RU,53.6039,91.3903,24.69,93,75,13.42,shower snow
351,Tezu,IN,27.9167,96.1667,60.37,41,32,4.25,scattered clouds
352,Mopipi,BW,-21.1833,24.8833,82.17,35,67,5.14,broken clouds
353,North Bend,US,43.4065,-124.2243,56.86,91,90,6.91,overcast clouds
354,Kieta,PG,-6.2167,155.6333,84.06,61,61,4.81,broken clouds
355,Nata,PA,8.3333,-80.5167,82.27,87,70,3.78,broken clouds
356,Sakleshpur,IN,12.9667,75.7833,65.19,97,99,3.42,overcast clouds
357,Taywarah,AF,33.35,64.4167,33.42,72,86,2.66,overcast clouds
358,La Tuque,CA,47.4334,-72.7824,37.65,56,35,1.14,scattered clouds
359,Sydney Mines,CA,46.2367,-60.2177,43.18,78,75,5.99,broken clouds
360,Sao Joao Da Barra,BR,-21.6403,-41.0511,69.94,84,3,8.63,clear sky
361,Tremedal,BR,-14.9758,-41.4108,70.97,96,100,0.67,overcast clouds
362,Greer,US,34.9387,-82.2271,48.18,79,1,1.99,clear sky
363,Santa Cruz,BO,-17.8,-63.1667,67.46,94,75,17.27,broken clouds
364,Arman,RU,59.7,150.1667,25.02,95,100,6.17,light snow
365,Huanren,CN,41.2647,125.3667,44.92,94,15,2.19,few clouds
366,Dingle,PH,10.9995,122.6711,78.71,89,84,4.36,broken clouds
367,Makinsk,KZ,52.6292,70.4169,21.09,59,96,14.72,light snow
368,Maumere,ID,-8.6199,122.2111,82.72,78,99,5.28,overcast clouds
369,Bilibino,RU,68.0546,166.4372,-13.5,100,78,4.18,broken clouds
370,Leeuwarden,NL,53.2014,5.8086,50.0,92,75,6.91,broken clouds
371,Piacabucu,BR,-10.4056,-36.4344,79.29,83,91,11.36,overcast clouds
372,Qurayyat,SA,31.3318,37.3428,55.58,50,0,4.61,clear sky
373,Half Moon Bay,US,37.4636,-122.4286,66.72,70,1,1.01,haze
374,Ozoir-La-Ferriere,FR,48.767,2.6687,43.38,95,27,1.14,scattered clouds
375,Hambantota,LK,6.1241,81.1185,77.34,100,40,3.44,scattered clouds
376,Peniche,PT,39.3558,-9.3811,56.62,77,1,13.42,clear sky
377,Fonte Boa,BR,-2.4959,-66.2662,75.9,95,73,2.15,broken clouds
378,Kalevala,RU,65.2,31.1667,38.48,97,100,4.43,overcast clouds
379,Torrington,US,41.8007,-73.1212,43.29,65,3,1.01,clear sky
380,Vung Tau,VN,10.346,107.0843,79.57,82,58,8.86,broken clouds
381,Ambilobe,MG,-13.2,49.05,72.48,83,30,2.33,scattered clouds
382,Karpathos,GR,35.507,27.2132,67.96,83,97,10.36,overcast clouds
383,Yaan,NG,7.3833,8.5667,77.41,82,68,5.88,broken clouds
384,Los Llanos De Aridane,ES,28.6585,-17.9182,64.15,71,20,11.99,few clouds
385,Zhaotong,CN,27.3167,103.7167,46.31,90,61,2.53,broken clouds
386,Petropavlovsk-Kamchatskiy,RU,53.0452,158.6483,23.59,74,20,8.95,few clouds
387,Bolobo,CD,-2.1667,16.2333,72.39,95,43,1.97,light rain
388,Rawson,AR,-43.3002,-65.1023,54.41,57,0,15.17,clear sky
389,Sao Filipe,CV,14.8961,-24.4956,80.35,70,27,9.53,scattered clouds
390,Cabedelo,BR,-6.9811,-34.8339,81.27,83,20,12.66,few clouds
391,Laja,CL,-37.2667,-72.7,59.79,40,0,3.38,clear sky
392,Dawlatabad,AF,36.4141,64.9053,34.45,22,15,3.27,few clouds
393,Hit,IQ,33.6416,42.8251,70.27,37,0,14.36,clear sky
394,Muzhi,RU,65.3667,64.6667,25.93,96,96,7.61,overcast clouds
395,Starogard Gdanski,PL,53.964,18.5264,48.04,100,96,14.9,overcast clouds
396,Trairi,BR,-3.2778,-39.2689,80.82,78,100,9.95,overcast clouds
397,Camacha,PT,33.0833,-16.3333,63.82,63,75,13.8,broken clouds
398,Talnakh,RU,69.4865,88.3972,-8.28,99,97,1.9,overcast clouds
399,Insar,RU,53.8653,44.3738,45.54,79,100,20.47,overcast clouds
400,Millinocket,US,45.6573,-68.7098,37.42,64,1,0.0,clear sky
401,Japura,ID,-0.3167,102.35,73.58,98,100,2.62,overcast clouds
402,Pervomayskiy,RU,53.2485,40.2871,50.34,90,100,17.96,overcast clouds
403,Darhan,MN,49.4867,105.9228,11.55,44,0,6.91,clear sky
404,Cahors,FR,44.4167,1.3333,40.5,94,4,4.21,clear sky
405,Cabrobo,BR,-8.5142,-39.31,84.29,50,98,3.89,overcast clouds
406,Torbay,CA,47.6666,-52.7314,37.58,91,90,8.05,moderate rain
407,Rio Gallegos,AR,-51.6226,-69.2181,62.65,29,0,13.8,clear sky
408,Troy,US,42.6056,-83.1499,44.55,69,1,1.01,clear sky
409,Nizwa,OM,22.9333,57.5333,69.35,55,0,0.94,clear sky
410,Acurenam,GQ,1.0322,10.6488,68.36,99,100,2.86,light rain
411,La Ligua,CL,-32.4524,-71.2311,55.18,54,0,4.59,clear sky
412,Tura,IN,25.5198,90.2201,60.85,92,61,3.47,broken clouds
413,Hohhot,CN,40.8106,111.6522,25.09,68,75,13.42,snow
414,Calamar,CO,10.2511,-74.9146,78.73,88,85,6.93,overcast clouds
415,The Valley,AI,18.217,-63.0578,82.54,74,40,12.66,scattered clouds
416,Port Macquarie,AU,-31.4333,152.9167,73.89,63,33,10.0,scattered clouds
417,Holme,DK,56.1138,10.1725,48.06,86,100,17.22,overcast clouds
418,Esperance,AU,-33.8667,121.9,55.24,64,100,9.64,overcast clouds
419,Seymchan,RU,62.8833,152.4333,1.96,92,87,2.89,overcast clouds
420,Chokwe,MZ,-24.5333,32.9833,76.32,78,60,10.31,broken clouds
421,Sulangan,PH,11.1373,123.7228,82.58,77,72,7.38,broken clouds
422,Chlorakas,CY,34.8042,32.4083,63.48,68,31,10.36,scattered clouds
423,Jawhar,SO,2.7809,45.5005,74.59,89,3,5.41,clear sky
424,Mundra,IN,22.85,69.7333,78.75,43,81,8.59,broken clouds
425,Yar-Sale,RU,66.8333,70.8333,18.01,89,63,8.68,broken clouds
426,Chirgaon,IN,25.5833,78.8167,66.76,46,70,3.15,broken clouds
427,Kangaatsiaq,GL,68.3065,-53.4641,20.07,66,4,11.97,clear sky
428,Miraflores,MX,19.2167,-98.8083,69.03,42,36,1.95,scattered clouds
429,Nishihara,JP,26.1842,127.7558,76.68,78,75,21.85,broken clouds
430,Ilulissat,GL,69.2167,-51.1,24.82,50,62,3.44,broken clouds
431,Paamiut,GL,61.994,-49.6678,28.69,86,89,9.57,overcast clouds
432,Tete,MZ,-16.1564,33.5867,83.97,43,6,7.81,clear sky
433,Kishi,NG,9.0833,3.85,79.23,54,79,3.8,broken clouds
434,Kuybysheve,UA,47.358,36.6491,49.86,89,96,8.72,overcast clouds
435,Alakurtti,RU,66.9672,30.3491,32.63,99,100,2.82,light snow
436,Morondava,MG,-20.2833,44.2833,73.04,65,0,7.29,clear sky
437,Aleppo,SY,36.25,37.5,65.21,30,0,6.42,clear sky
438,Bull Savanna,JM,17.8868,-77.5902,77.92,81,19,8.05,few clouds
439,Semirom,IR,31.4167,51.5667,41.23,84,99,2.59,overcast clouds
440,Bradeanu,RO,44.9333,26.85,59.97,63,89,4.29,overcast clouds
441,Chiredzi,ZW,-21.05,31.6667,76.06,61,98,5.37,overcast clouds
442,Makamba,BI,-4.1348,29.804,62.87,77,83,3.83,broken clouds
443,Beringovskiy,RU,63.05,179.3167,1.06,81,59,5.28,broken clouds
444,Beloha,MG,-25.1667,45.05,65.55,75,0,12.8,clear sky
445,Tabou,CI,4.423,-7.3528,78.73,86,52,6.69,broken clouds
446,Esso,RU,55.9333,158.7,18.01,97,65,3.6,broken clouds
447,Pangkalanbuun,ID,-2.6833,111.6167,75.97,94,77,1.59,broken clouds
448,Sibolga,ID,1.7427,98.7792,75.7,90,100,1.45,overcast clouds
449,Podgornoye,RU,51.735,39.1496,50.22,93,90,11.18,mist
450,Payo,ID,-3.7508,103.6372,72.9,98,100,2.89,light rain
451,Rongcheng,CN,30.634,117.8517,64.31,97,99,3.33,overcast clouds
452,Ixtapa,MX,20.7,-105.2,83.23,80,50,5.01,scattered clouds
453,Mnogovershinnyy,RU,53.9353,139.9242,27.79,91,100,6.22,overcast clouds
454,Gat,IL,31.61,34.7642,73.4,60,0,3.33,clear sky
455,La Reforma,MX,25.0833,-108.05,90.75,48,39,8.79,scattered clouds
456,Tazovskiy,RU,67.4667,78.7,3.7,100,95,2.3,overcast clouds
457,Champasak,LA,14.75,106.0,71.53,99,50,1.61,scattered clouds
458,Novyy Urengoy,RU,66.0833,76.6333,12.07,95,52,7.14,broken clouds
459,Viedma,AR,-40.8135,-62.9967,58.95,41,0,10.98,clear sky
460,Visnes,NO,59.3556,5.2242,52.21,93,100,26.46,light rain
461,Dubovskoye,RU,47.4092,42.7575,49.37,74,26,13.06,scattered clouds
462,Isangel,VU,-19.55,169.2667,80.71,74,75,9.22,light rain
463,Coquimbo,CL,-29.9533,-71.3436,56.93,82,40,8.05,scattered clouds
464,Kapoeta,SS,4.7717,33.5903,82.24,40,94,1.57,overcast clouds
465,Port Blair,IN,11.6667,92.75,78.84,83,40,1.14,mist
466,Chernyshevskiy,RU,63.0128,112.4714,12.25,88,100,13.73,light snow
467,Saint-Louis,SN,16.3333,-15.0,85.64,17,22,10.33,few clouds
468,Aguimes,ES,27.9054,-15.4461,67.01,72,75,21.85,broken clouds
469,Bocas Del Toro,PA,9.3333,-82.25,82.08,78,18,6.8,few clouds
470,Necochea,AR,-38.5473,-58.7368,52.03,64,93,8.93,overcast clouds
471,Ojinaga,MX,29.5667,-104.4167,79.57,31,1,3.44,clear sky
472,Otjimbingwe,NA,-22.35,16.1333,72.72,26,42,2.15,scattered clouds
473,Birmitrapur,IN,22.4,84.7667,60.42,62,89,2.84,overcast clouds
474,College,US,64.8569,-147.8028,26.91,82,90,0.0,overcast clouds
475,Mariental,NA,-24.6333,17.9667,71.11,18,0,10.96,clear sky
476,Mackay,AU,-21.15,149.2,82.69,61,18,10.36,few clouds
477,Flin Flon,CA,54.7682,-101.865,39.04,87,75,0.0,broken clouds
478,Rock Sound,BS,24.9,-76.2,80.17,80,87,10.27,overcast clouds
479,Kemijarvi,FI,66.7131,27.4306,34.27,99,100,3.06,light rain
480,Liwale,TZ,-9.7667,37.9333,69.33,81,1,2.86,clear sky
481,Rudnyy,KZ,52.9594,63.1206,29.61,38,91,12.21,overcast clouds
482,Daudnagar,IN,25.0333,84.4,59.18,63,85,4.23,overcast clouds
483,Sibu,MY,2.3,111.8167,75.51,100,20,1.14,few clouds
484,Salinas,US,36.6777,-121.6555,69.82,64,1,11.5,haze
485,Mackenzie,CA,55.2999,-123.1698,37.62,100,90,5.75,overcast clouds
486,Skibbereen,IE,51.55,-9.2667,48.0,85,92,8.95,overcast clouds
487,Seoul,KR,37.5683,126.9778,53.04,90,1,3.44,mist
488,Beyneu,KZ,45.3167,55.2,32.67,59,2,9.98,clear sky
489,The Pas,CA,53.8251,-101.2541,44.62,70,90,2.3,overcast clouds
490,Mildura,AU,-34.2,142.15,75.16,38,75,10.36,broken clouds
491,Iranduba,BR,-3.2847,-60.1861,88.09,58,99,0.13,overcast clouds
492,Murgab,TM,37.4966,61.9714,24.67,63,7,0.0,clear sky
493,Turochak,RU,52.2576,87.1224,15.91,88,100,1.9,overcast clouds
494,Tucuma,BR,-0.1833,-50.05,80.38,78,86,8.9,overcast clouds
495,Buraydah,SA,26.326,43.975,68.45,40,0,7.87,clear sky
496,Eldorado,BR,-23.7869,-54.2836,75.07,74,41,3.15,light rain
497,Bow Island,CA,49.8668,-111.3684,54.61,35,0,12.66,clear sky
498,Boa Vista,BR,2.8197,-60.6733,87.78,51,0,5.75,clear sky
499,Kashi,CN,39.4547,75.9797,40.23,32,90,8.95,dust
500,Krasnoselkup,RU,65.7,82.4667,1.06,100,86,3.74,overcast clouds
501,Carbondale,US,37.7273,-89.2168,50.29,58,1,3.44,clear sky
502,Shebunino,RU,46.4339,141.8603,43.25,71,6,4.47,clear sky
503,Manacor,ES,39.5696,3.2096,56.32,66,100,27.76,overcast clouds
504,Khandyga,RU,62.6667,135.6,5.54,95,100,5.21,overcast clouds
505,Mount Gambier,AU,-37.8333,140.7667,67.91,64,90,11.5,overcast clouds
506,Pierre,US,44.3683,-100.351,65.32,40,1,14.97,clear sky
507,Port Lincoln,AU,-34.7333,135.8667,64.18,76,67,12.86,broken clouds
508,Rogers,US,36.3668,-95.5836,56.88,58,1,0.0,clear sky
509,La Palma,US,33.8464,-118.0467,90.91,70,75,1.01,haze
510,Jackson,US,42.4165,-122.8345,50.95,92,90,0.0,light rain
511,Erenhot,CN,43.6475,111.9767,13.87,88,100,13.56,light snow
512,Samfya,ZM,-11.3649,29.5565,73.26,31,65,8.37,broken clouds
513,Yatou,CN,37.15,122.3833,60.62,68,98,6.73,light rain
514,Duluth,US,46.7833,-92.1066,56.46,56,1,3.0,clear sky
515,Sinnamary,GF,5.3833,-52.95,78.71,88,100,10.16,light rain
516,Mahajanga,MG,-15.7167,46.3167,80.62,83,20,4.61,light rain
517,Hearst,CA,49.6835,-83.6665,46.65,83,91,11.9,overcast clouds
518,Moindou,NC,-21.6924,165.677,76.95,59,89,8.9,overcast clouds
519,Makakilo City,US,21.3469,-158.0858,86.32,58,75,11.5,broken clouds
520,Ponta Delgada,PT,37.7333,-25.6667,70.5,83,75,21.85,broken clouds
521,Boyarka,UA,50.3191,30.2973,54.75,81,90,8.95,overcast clouds
522,Saharsa,IN,25.8833,86.6,64.33,67,50,3.53,scattered clouds
523,Edd,ER,13.9297,41.6925,82.22,56,22,10.2,few clouds
524,Fukue,JP,32.6881,128.8419,62.96,77,75,4.61,light rain
525,Prince Rupert,CA,54.3161,-130.3201,47.89,76,92,32.21,overcast clouds
526,Port Moresby,PG,-9.4431,147.1797,85.42,66,20,4.61,few clouds
527,Tocopilla,CL,-22.092,-70.1979,64.87,70,15,7.7,few clouds
528,Taybad,IR,34.74,60.7756,29.35,28,29,7.92,scattered clouds
529,Gobabis,NA,-22.45,18.9667,73.89,16,100,7.76,overcast clouds
530,Atasu,KZ,48.6814,71.6433,18.99,33,40,2.44,scattered clouds
531,Colonia Leopoldina,BR,-8.9089,-35.725,80.42,89,72,5.66,broken clouds
532,Antalaha,MG,-14.9003,50.2788,69.75,88,10,5.64,clear sky
533,Cherskiy,RU,68.75,161.3,3.51,87,100,9.08,overcast clouds
534,Maniitsoq,GL,65.4167,-52.9,24.4,56,100,9.17,overcast clouds
535,Shirdi,IN,19.7667,74.4833,70.56,65,96,6.02,overcast clouds
536,Daru,PG,-9.0763,143.2092,84.38,72,45,9.69,scattered clouds
537,Husavik,IS,66.0449,-17.3389,28.31,85,45,6.91,scattered clouds
538,Kayakent,RU,42.3874,47.903,46.33,74,9,12.33,clear sky
539,Mecca,SA,21.4267,39.8261,78.49,57,5,2.95,clear sky
540,Praia,CV,14.9215,-23.5087,77.54,83,40,13.8,scattered clouds
541,Kasongo-Lunda,CD,-6.4667,16.8167,69.53,98,37,1.07,light rain
542,Aksarka,RU,66.5606,67.7975,17.35,96,99,6.44,overcast clouds
543,Marsabit,KE,2.3284,37.9899,68.9,58,14,16.62,few clouds
544,Ketchikan,US,55.3422,-131.6461,46.87,66,90,27.63,light rain
545,Karratha,AU,-20.7377,116.8463,85.35,34,8,6.2,clear sky
546,Ishinomaki,JP,38.4167,141.3,50.0,75,1,3.91,clear sky
547,Camana,PE,-16.6228,-72.7111,65.03,82,46,7.02,scattered clouds
548,Bac Lieu,VN,9.285,105.7244,79.86,86,99,7.83,overcast clouds
549,Boende,CD,-0.2167,20.8667,70.7,97,19,1.21,light rain
550,Wilmington,US,34.2257,-77.9447,49.91,62,1,9.22,clear sky
551,Emerald,AU,-23.5333,148.1667,80.74,57,75,12.66,broken clouds
552,Ak-Dovurak,RU,51.1833,90.6,7.9,54,100,1.63,overcast clouds
553,Barstow,US,34.8986,-117.0228,83.48,27,7,2.93,clear sky
554,Berlevag,NO,70.8578,29.0864,36.59,98,100,23.33,light rain
555,Cap Malheureux,MU,-19.9842,57.6142,75.69,82,2,1.99,clear sky
556,Hurricane,US,37.1753,-113.2899,74.7,31,0,1.1,clear sky
557,Dudinka,RU,69.4058,86.1778,-13.45,100,97,2.86,overcast clouds
558,San Ignacio,BZ,17.1561,-89.0714,73.54,94,0,0.0,clear sky
559,Cumbum,IN,9.7333,77.3,70.65,94,95,4.63,overcast clouds
560,Chumikan,RU,54.7183,135.315,28.09,77,100,24.09,overcast clouds
561,Tigil,RU,57.8,158.6667,23.61,95,80,4.56,broken clouds
562,Sao Gabriel Da Cachoeira,BR,-0.1303,-67.0892,75.88,91,79,1.03,broken clouds
563,Bardiyah,LY,31.7561,25.0865,69.89,79,0,5.93,clear sky
564,Esik,KZ,43.3552,77.4525,4.42,54,0,7.38,clear sky
565,Aklavik,CA,68.2191,-135.0107,20.23,93,90,9.22,mist
566,Heihe,CN,50.2441,127.4902,16.38,46,100,13.62,overcast clouds
567,Mayumba,GA,-3.432,10.6554,77.02,86,100,2.42,overcast clouds
568,Quatre Cocos,MU,-20.2078,57.7625,75.31,86,30,12.37,scattered clouds
569,Panguna,PG,-6.3164,155.4848,81.99,49,54,3.71,broken clouds
570,Grand-Bourg,GP,15.8835,-61.3148,78.75,70,34,15.79,scattered clouds
571,Auki,SB,-8.7676,160.7034,86.77,60,75,2.51,broken clouds
572,Koshurnikovo,RU,54.1667,93.3,15.13,94,100,4.54,light snow
573,Hasaki,JP,35.7333,140.8333,57.29,57,1,12.37,clear sky
574,Kysyl-Syr,RU,63.8986,122.7617,11.14,94,100,9.13,light snow
575,Villa Carlos Paz,AR,-31.4241,-64.4978,53.38,77,100,3.0,light rain
576,Vizianagaram,IN,18.1167,83.4167,76.51,86,100,4.88,overcast clouds
577,Ilheus,BR,-14.7889,-39.0494,80.42,89,0,3.44,clear sky
578,Mozarlandia,BR,-14.7447,-50.5706,74.7,90,100,4.88,overcast clouds
579,Dolores,AR,-36.3132,-57.6792,52.09,64,100,12.24,overcast clouds
580,Sabang,ID,5.8933,95.3214,79.39,82,100,7.49,light rain
581,Kagoro,NG,9.6,8.3833,69.73,53,4,1.32,clear sky
582,Skrunda,LV,56.6833,22.0167,47.86,84,98,9.17,overcast clouds
583,Bud,US,39.447,-86.1758,46.58,72,0,5.19,clear sky
584,Magadan,RU,59.5667,150.8,27.25,95,100,7.02,light snow
585,Vargem Grande Do Sul,BR,-21.8322,-46.8936,79.25,60,12,3.83,few clouds
586,Kovur,IN,14.4833,79.9833,74.82,96,100,4.92,overcast clouds
587,General Roca,AR,-39.0333,-67.5833,70.2,17,86,12.46,overcast clouds
588,Taunton,GB,51.0211,-3.1047,52.9,85,99,6.58,overcast clouds
589,Vestmanna,FO,62.1564,-7.1664,38.32,93,75,1.14,broken clouds
590,Guerrero,MX,17.6667,-100.0,66.83,92,81,1.66,broken clouds
591,Manoel Urbano,BR,-8.8389,-69.2597,74.44,82,89,2.62,overcast clouds
592,Kaeo,NZ,-35.1,173.7833,68.41,66,96,4.83,overcast clouds
593,Qui Nhon,VN,13.7667,109.2333,74.64,87,56,4.9,broken clouds
594,Plouzane,FR,48.3833,-4.6167,48.25,93,75,3.44,broken clouds
595,Roald,NO,62.5833,6.1333,46.0,81,40,18.41,scattered clouds
596,Xalpatlahuac,MX,17.4667,-98.6167,63.07,73,72,1.43,broken clouds
597,Haimen,CN,23.1935,116.6142,71.49,82,4,2.53,clear sky
598,Udachnyy,RU,66.4167,112.4,1.58,94,20,12.06,few clouds
599,Babu,CN,24.4167,111.5167,74.77,90,38,2.89,scattered clouds
600,Den Helder,NL,52.9599,4.7593,53.98,83,90,14.0,overcast clouds
601,Majagual,CO,8.5389,-74.6204,76.21,95,51,2.42,broken clouds
602,Mareeba,AU,-17.0,145.4333,84.33,62,51,8.34,broken clouds
603,Suozhen,CN,36.9539,118.1047,59.94,81,92,7.72,overcast clouds
604,Dunedin,NZ,-45.8742,170.5036,57.79,62,93,14.0,overcast clouds
605,Ambovombe,MG,-25.1667,46.0833,67.05,69,2,14.23,clear sky
606,Aasiaat,GL,68.7098,-52.8699,5.9,87,58,7.05,broken clouds
607,Ipueiras,BR,-7.0333,-40.45,79.83,52,98,0.98,overcast clouds
608,Dandong,CN,40.1292,124.3947,52.81,81,14,3.76,few clouds
609,Mana,GF,5.6592,-53.7767,79.14,87,100,9.15,overcast clouds
610,Waipawa,NZ,-41.4122,175.5153,55.02,97,100,9.15,overcast clouds
611,Novoukrainskiy,RU,44.8969,38.0522,46.58,87,56,2.51,broken clouds
612,Pastavy,BY,55.1168,26.8326,44.89,79,100,13.65,overcast clouds
613,Shimanovsk,RU,52.0,127.7,18.82,32,67,14.27,broken clouds
614,Labuhan,ID,-6.8844,112.2051,80.51,80,100,5.82,overcast clouds
615,San Juan,AR,-31.5375,-68.5364,66.67,22,77,7.34,broken clouds
616,Constitucion,CL,-35.3333,-72.4167,52.86,84,0,9.01,clear sky
617,Asau,RO,46.4333,26.4,55.76,91,66,3.04,broken clouds
618,Zheleznodorozhnyy,RU,55.7503,38.0042,54.95,80,100,11.41,light rain
619,Kroya,ID,-7.6331,109.2461,80.06,84,97,2.04,overcast clouds
620,Bayan,CN,46.0833,127.4,33.01,65,91,16.15,overcast clouds
621,Tacoronte,ES,28.4769,-16.4102,63.25,67,75,4.0,broken clouds
622,Sambava,MG,-14.2667,50.1667,71.15,91,29,7.58,scattered clouds
623,Harper,LR,4.375,-7.7169,78.42,87,62,7.45,broken clouds
624,Stromness,GB,58.965,-3.296,50.88,87,100,10.0,overcast clouds
625,Rudnogorsk,RU,57.2639,103.7519,15.62,81,100,11.36,overcast clouds
626,Pitimbu,BR,-7.4706,-34.8086,81.19,83,47,12.77,scattered clouds
627,Banyumas,ID,-7.5142,109.2942,80.26,83,92,0.72,overcast clouds
628,Gallup,US,35.5281,-108.7426,70.56,18,1,3.44,clear sky
629,Kohima,IN,25.6667,94.1167,50.2,78,48,3.09,scattered clouds
630,Blagoyevo,RU,63.3667,47.9167,41.85,94,100,11.3,overcast clouds
631,Basco,PH,20.4487,121.9702,82.09,81,79,17.52,broken clouds
632,Bantogon,PH,6.5333,124.0333,81.95,72,81,4.09,broken clouds
633,Ewa Beach,US,21.3156,-158.0072,87.75,57,75,17.0,broken clouds
634,Honggang,CN,46.4667,124.8667,29.64,30,98,16.08,light snow
635,Padang,ID,-0.9492,100.3543,77.05,85,100,3.62,overcast clouds
636,Sonoita,MX,31.85,-112.8333,91.53,16,25,7.16,scattered clouds
637,Zhigansk,RU,66.7697,123.3711,5.58,94,100,24.45,light snow
638,Belaya Gora,RU,68.5333,146.4167,-3.21,91,96,2.82,overcast clouds
639,Chifeng,CN,42.2683,118.9636,31.5,47,94,15.99,light snow
640,Mangai,CD,-4.05,19.5333,68.94,98,19,0.54,few clouds
641,Trincomalee,LK,8.5711,81.2335,77.65,84,93,10.54,overcast clouds
642,Shishou,CN,29.7226,112.419,63.66,86,100,8.9,overcast clouds
643,Nanortalik,GL,60.1432,-45.2371,31.48,79,98,3.87,overcast clouds
644,Tukan,RU,53.8409,57.4552,25.14,50,98,6.38,overcast clouds
645,Oranjemund,NA,-28.55,16.4333,58.32,92,69,10.2,broken clouds
646,Toamasina,MG,-18.1667,49.3833,75.2,94,75,3.44,broken clouds
647,Presidencia Roque Saenz Pena,AR,-26.7852,-60.4388,54.28,96,100,10.16,overcast clouds
648,Hofn,IS,64.2539,-15.2082,38.37,71,97,13.65,overcast clouds
649,Haftoni,AZ,38.7632,48.7622,44.31,87,90,2.3,overcast clouds
650,Narsaq,GL,60.9167,-46.05,26.82,88,100,7.78,overcast clouds
651,Huaidian,CN,33.4333,115.0333,60.04,90,64,7.27,broken clouds
652,San Quintin,MX,30.4833,-115.95,68.61,72,13,6.96,few clouds
653,Gambela,ET,8.25,34.5833,71.35,80,84,4.56,broken clouds
654,Trinidad,BO,-14.8333,-64.9,80.58,83,90,10.36,moderate rain
655,Tucumcari,US,35.1717,-103.725,76.84,18,1,0.0,clear sky
656,Nouakchott,MR,18.0858,-15.9785,76.93,49,72,12.86,broken clouds
657,Sao Felix Do Xingu,BR,-6.6447,-51.995,76.06,79,77,1.52,moderate rain
658,Swakopmund,NA,-22.6833,14.5333,59.41,86,6,11.32,clear sky
659,Moss Vale,AU,-34.55,150.3833,63.16,61,78,6.46,broken clouds
660,Shasta Lake,US,40.6804,-122.3708,56.44,88,100,1.66,moderate rain
661,Egvekinot,RU,66.3167,-179.1667,-5.24,81,1,5.73,clear sky
662,Fernie,CA,49.5,-115.0687,48.61,92,75,4.12,broken clouds
663,Tello,CO,3.0669,-75.1378,74.97,80,47,3.78,scattered clouds
664,Wasilla,US,61.5814,-149.4394,36.01,82,90,3.44,overcast clouds
665,Dicabisagan,PH,17.0818,122.4157,82.18,77,8,3.15,clear sky
666,Kiunga,PG,-6.1219,141.2906,77.04,96,100,3.06,overcast clouds
667,Bambanglipuro,ID,-7.95,110.2833,80.76,78,86,1.88,overcast clouds
668,Kita,ML,13.0349,-9.4895,82.15,44,89,2.46,overcast clouds
669,Male,MV,4.1748,73.5089,80.55,89,90,12.66,overcast clouds
670,La Ronge,CA,55.1001,-105.2842,39.45,70,90,2.3,overcast clouds
671,Portland,US,45.5234,-122.6762,57.52,67,40,1.99,scattered clouds
672,Mirnyy,RU,62.5353,113.9611,12.25,86,100,14.61,overcast clouds
673,Ferme-Neuve,CA,46.7001,-75.4493,35.38,87,26,5.28,scattered clouds
674,Vernon,CA,50.2581,-119.2691,49.75,71,93,8.05,overcast clouds
675,Santa Lucia,ES,27.9117,-15.5407,62.11,67,75,21.85,broken clouds
676,Camapua,BR,-19.5314,-54.0439,81.45,56,67,0.87,broken clouds
677,Johi,PK,26.6921,67.6133,75.9,23,42,5.37,scattered clouds
